ts	phase	decision	why	evidence	result
2026-09-27T01:35:00Z	start	opened a worktree on chore/latest-deps from main 2001c36	the main checkout has unrelated uncommitted edits	git worktree list	worktree C:/Users/graff/WebstormProjects/rule-validator-deps
2026-09-27T01:36:00Z	frame	done means bun outdated is clear except the compiler API, scripts call tsc 7.0.2, tests and typecheck and build pass	TypeScript 7.0 has no compiler API, so import typescript stays on the 6.0 compatibility package	https://devblogs.microsoft.com/typescript/announcing-typescript-7-0/	open
2026-09-27T01:40:00Z	baseline	recorded tests and typecheck before any bump	later checks need an old value	bun test 223 pass; tsgo 7.0.0-dev.20260219.1 --noEmit exit 0	tests green
2026-09-27T01:48:00Z	typescript	replaced tsgo preview with tsc 7.0.2 and pointed import typescript at @typescript/typescript6 6.0.2	TypeScript 7.0 has no compiler API, and this repo parses files with createSourceFile	bunx tsc --version 7.0.2; API 6.0.2; bun test 223 pass; tsc --noEmit exit 0; bun run build exit 0	VERIFIED
2026-09-27T01:55:00Z	minors	bumped arktype to 2.2.5, @types/bun to 1.4.2, and oxlint to 1.85.0	those latest versions fit the existing ranges	bun test 223 pass; tsc --noEmit exit 0; oxlint exit 0	VERIFIED
2026-09-27T02:00:00Z	majors	bumped @types/node to 26.6.3 and commander to 15.0.0	latest is a major for both, and the CLI already imports createCommand from ESM	tsc --noEmit exit 0; bun test src/cli.test.ts 14 pass	VERIFIED
2026-09-27T02:05:00Z	oxfmt	bumped oxfmt to 0.70.0 and escaped the pipe in the PRD rules table	a raw pipe in that cell split the markdown table, so oxfmt wrote a broken separator	docs/PRD.md; bunx oxfmt --check docs/PRD.md package.json exit 0	VERIFIED
2026-09-27T02:10:00Z	changesets	bumped @changesets/cli to 3.0.3 and set privatePackages.version true with tag false	v3 does not version a private package unless you opt in, and this package is private	bunx changeset status lists @graff/rule-validator minor	VERIFIED
2026-09-27T02:15:00Z	final	bun outdated printed no rows	every direct package is at latest, and the typescript alias did not show as outdated	bun outdated exit 0 with an empty table	VERIFIED
2026-09-27T02:16:00Z	fastvet	left scripts/coverage-threshold.ts unchanged	the coverage table is on stderr and the script reads stdout, and this bump did not change Bun or that script	spawn check STDERR_HAS_TABLE true STDOUT_LEN 28; fastvet exit 1	pre-existing, open
